global_seed,timestamp,system_name,model_name,noise_level,library_strategy,optimizer,use_ensemble,threshold,active_curation_threshold,expansion_strategy,split_strategy,discovery_time_s,structural_complexity,canonical_complexity,train_r2,train_mse,test_r2,test_mse,new_traj_r2,new_traj_mse,sim_time_s,sim_r2,sim_mse,equations
32,2026-04-28 16:17:34,duffing,AutoSINDy,0,Separate,STLSQ,True,0.21,0.985,gentle,middle,23.49942135810852,7,7,0.999973704331236,2.335741176421259e-06,0.9999372812906091,5.148342136990703e-06,0.9999803864175565,2.391581479115841e-06,0.7336769104003906,0.9953456827087808,0.00029865029546705097,1.0002538087 x1; 0.9995024175 x0 + -0.2962810724 x1 + -0.9986558914 x0**3
32,2026-04-28 16:17:34,duffing,Standard SINDy,0,Separate,STLSQ,True,0.21,0.985,gentle,middle,0.3500545024871826,4,4,0.4985027580924692,0.04659856222504042,0.45750496881150804,0.044959328599343054,0.47323089894291565,0.06447534387838944,0.8112137317657471,-6.061638825418895,1.2430985274813176,1.0124702254 x1 + -0.0124259928 1 sin(1 x1); 0.0000000000
32,2026-04-28 16:17:34,duffing,Standard PySR,0,Separate,STLSQ,True,0.21,0.985,gentle,middle,14.60630464553833,7,38,0.9999684964953843,2.827388644767332e-06,0.9626683751107266,0.002136955716535663,0.9999342222761669,7.444792523708423e-06,4.413416385650635,0.9997817313574977,1.2869947538069584e-05,x1 + (x1 - 1*(-0.24352771))**12; x0 - (x0**3 + x1*0.29735047)
33,2026-04-28 16:18:08,duffing,AutoSINDy,0,Separate,STLSQ,True,0.21,0.985,gentle,middle,13.1229727268219,7,7,0.999973704331236,2.335741176421259e-06,0.9999372812906091,5.148342136990703e-06,0.9999803864175565,2.391581479115841e-06,0.8130137920379639,0.9953456827087808,0.00029865029546705097,1.0002538087 x1; 0.9995024175 x0 + -0.2962810724 x1 + -0.9986558914 x0**3
33,2026-04-28 16:18:08,duffing,Standard SINDy,0,Separate,STLSQ,True,0.21,0.985,gentle,middle,0.3324143886566162,4,4,0.4985027580924692,0.04659856222504042,0.45750496881150804,0.044959328599343054,0.47323089894291565,0.06447534387838944,0.816138744354248,-6.061638825418895,1.2430985274813176,1.0124702254 x1 + -0.0124259928 1 sin(1 x1); 0.0000000000
33,2026-04-28 16:18:08,duffing,Standard PySR,0,Separate,STLSQ,True,0.21,0.985,gentle,middle,12.014378547668457,7,7,0.999968407557851,2.830611694116806e-06,0.9999486009306128,4.196970874409549e-06,0.9999803180964716,2.3607932603615925e-06,4.434538125991821,0.9979828173911339,0.00012804347590051552,-0.000491848*x0 + x1 + 0.00046340306; -x0**3 + x0 + x1*(-0.29735172)
34,2026-04-28 16:18:42,duffing,AutoSINDy,0,Separate,STLSQ,True,0.21,0.985,gentle,middle,13.150466918945312,7,7,0.999973704331236,2.335741176421259e-06,0.9999372812906091,5.148342136990703e-06,0.9999803864175565,2.391581479115841e-06,0.7032272815704346,0.9953456827087808,0.00029865029546705097,1.0002538087 x1; 0.9995024175 x0 + -0.2962810724 x1 + -0.9986558914 x0**3
34,2026-04-28 16:18:42,duffing,Standard SINDy,0,Separate,STLSQ,True,0.21,0.985,gentle,middle,0.32862424850463867,4,4,0.4985027580924692,0.04659856222504042,0.45750496881150804,0.044959328599343054,0.47323089894291565,0.06447534387838944,0.7959973812103271,-6.061638825418895,1.2430985274813176,1.0124702254 x1 + -0.0124259928 1 sin(1 x1); 0.0000000000
34,2026-04-28 16:18:42,duffing,Standard PySR,0,Separate,STLSQ,True,0.21,0.985,gentle,middle,12.539697885513306,8,8,0.9999683934650387,2.8311223857924667e-06,0.9999264302266127,5.465376655970622e-06,0.9996241012095732,4.16483407898933e-05,4.288402318954468,0.9749626504532289,0.0018119095658872908,sin(x1**3*0.18327755 + x1); -x0**3 + x0 + x1*(-0.2973512)
35,2026-04-28 16:19:17,duffing,AutoSINDy,0,Separate,STLSQ,True,0.21,0.985,gentle,middle,13.559326887130737,7,7,0.999973704331236,2.335741176421259e-06,0.9999372812906091,5.148342136990703e-06,0.9999803864175565,2.391581479115841e-06,0.7412948608398438,0.9953456827087808,0.00029865029546705097,1.0002538087 x1; 0.9995024175 x0 + -0.2962810724 x1 + -0.9986558914 x0**3
35,2026-04-28 16:19:17,duffing,Standard SINDy,0,Separate,STLSQ,True,0.21,0.985,gentle,middle,0.3558542728424072,4,4,0.4985027580924692,0.04659856222504042,0.45750496881150804,0.044959328599343054,0.47323089894291565,0.06447534387838944,0.787621021270752,-6.061638825418895,1.2430985274813176,1.0124702254 x1 + -0.0124259928 1 sin(1 x1); 0.0000000000
35,2026-04-28 16:19:17,duffing,Standard PySR,0,Separate,STLSQ,True,0.21,0.985,gentle,middle,12.494718313217163,7,7,0.9999684075561313,2.8306118539083448e-06,0.9999485827358443,4.198478858444043e-06,0.9999803027803069,2.3626684485533075e-06,4.32068943977356,0.9979764835702687,0.00012844947150379439,-0.0004918447*x0 + x1 - 1*(-0.00046339995); -x0**3 + x0 + x1*(-0.29734638)
136,2026-04-28 16:45:52,duffing,AutoSINDy,0,Separate,STLSQ,True,0.21,0.985,gentle,middle,29.195114135742188,7,7,0.999973704331236,2.3357411764212577e-06,0.9999372812906091,5.1483421369907e-06,0.9999803864175565,2.3915814791158427e-06,0.9860236644744873,0.9953456827087808,0.00029865029546705097,1.0002538087 x1; 0.9995024175 x0 + -0.2962810724 x1 + -0.9986558914 x0**3
136,2026-04-28 16:45:52,duffing,Standard SINDy,0,Separate,STLSQ,True,0.21,0.985,gentle,middle,0.4280827045440674,4,4,0.4985027580924692,0.04659856222504042,0.45750496881150804,0.044959328599343054,0.47323089894291565,0.06447534387838944,1.2029776573181152,-6.061638825418895,1.2430985274813176,1.0124702254 x1 + -0.0124259928 1 sin(1 x1); 0.0000000000
136,2026-04-28 16:45:52,duffing,Standard PySR,0,Separate,STLSQ,True,0.21,0.985,gentle,middle,17.15213418006897,7,29,0.9999685022798797,2.827179088915093e-06,0.9960871794528446,0.00022510437179785835,0.9939065194046943,0.0006722463187864105,5.871083974838257,0.5277929734598141,0.029400146246510703,x1 + (x1 + 0.1022932)**9; -x0**3 + x0 + x1*(-0.2973524)
32,2026-04-28 16:46:35,duffing,AutoSINDy,0.01,Separate,STLSQ,True,0.21,0.985,gentle,middle,17.182116270065308,7,7,0.7880623374187593,0.016866759340352734,0.8046882721848265,0.018267692738445414,0.9999849166898063,1.837201251120776e-06,0.8846557140350342,0.9974564498167047,0.00016194998842438725,1.0001747162 x1; 1.0006152036 x0 + -0.2972853705 x1 + -0.9997940855 x0**3
32,2026-04-28 16:46:35,duffing,Standard SINDy,0.01,Separate,STLSQ,True,0.21,0.985,gentle,middle,0.4563460350036621,11,11,0.769239846112076,0.01905708032528946,0.751257040963531,0.02408555924389136,-176.45483321546217,21.72007447909952,0.7795109748840332,,,1.0389018047 x1 + -0.0393916368 1 sin(1 x1); 3.1660209593 x0^3 + -3.7210048462 x0^3 sin(1 x0)
32,2026-04-28 16:46:35,duffing,Standard PySR,0.01,Separate,STLSQ,True,0.21,0.985,gentle,middle,14.53337574005127,6,81,0.7738978314696829,0.018515116271260547,-58.17258223369011,3.97932546474441,0.9501285646822918,0.006098748574788375,6.409300327301025,-6.217515507333961,1.0686942353478877,x1 - (-x1 - 0.46541268)**27; -x0**3 + x0
33,2026-04-28 16:47:18,duffing,AutoSINDy,0.01,Separate,STLSQ,True,0.21,0.985,gentle,middle,17.860867738723755,7,7,0.791426311065611,0.016489605311753842,0.8034800992280506,0.018677444801477074,0.9999705186571378,3.598001885611367e-06,0.8543977737426758,0.9915088241353083,0.0005476121537452143,1.0005684520 x1; 0.9976532745 x0 + -0.2951973301 x1 + -0.9967299274 x0**3
33,2026-04-28 16:47:18,duffing,Standard SINDy,0.01,Separate,STLSQ,True,0.21,0.985,gentle,middle,0.4010963439941406,13,13,0.7243937451672147,0.024224612875005703,0.7268040011478998,0.02727507031224019,-127.8357470385784,15.769207156377345,1.3523025512695312,-20.752949002572727,3.438604681066054,0.9800638836 x1 + 0.0208562689 1 sin(1 x1); -3.1868204913 x0^3 sin(1 x0) + 2.7448581097 x0^3 cos(1 x1)
33,2026-04-28 16:47:18,duffing,Standard PySR,0.01,Separate,STLSQ,True,0.21,0.985,gentle,middle,15.071092367172241,6,17,0.777257352880057,0.01812461770567258,0.7477943433563714,0.024908394415067203,0.19625426912133515,0.08924432552268023,4.951260805130005,-1.8826564394374874,0.269186519956525,x1 - (-x0*x1 + x1)**3; -x0**3 + x0
34,2026-04-28 16:48:03,duffing,AutoSINDy,0.01,Separate,STLSQ,True,0.21,0.985,gentle,middle,17.021600484848022,7,7,0.7883454538174601,0.017223453055267388,0.8240977247427248,0.015978574823754914,0.9999762547453952,2.8973719658443816e-06,0.9048440456390381,0.9942312356998968,0.0003711025782949409,1.0000274544 x1; 0.9989320168 x0 + -0.2956028870 x1 + -0.9980354391 x0**3
34,2026-04-28 16:48:03,duffing,Standard SINDy,0.01,Separate,STLSQ,True,0.21,0.985,gentle,middle,0.42486119270324707,4,4,0.3918397486769236,0.06377372117508016,0.3991609712120177,0.06117038008178324,0.4732313794619637,0.06447529088144588,1.2939424514770508,-6.046593373827859,1.2371779629412687,1.0040822566 x1 + -0.0041244640 1 sin(1 x1); 0.0000000000
34,2026-04-28 16:48:03,duffing,Standard PySR,0.01,Separate,STLSQ,True,0.21,0.985,gentle,middle,18.96083164215088,4,4,0.7744034724454413,0.018860275996826437,0.7630136217219005,0.02246652555539299,0.9044433977903445,0.011137412953662315,2.865567684173584,-5.939098025952894,1.1948772622279777,-x1**9 + x1; -x0**3 + x0
135,2026-04-28 16:50:31,duffing,AutoSINDy,0.01,Separate,STLSQ,True,0.21,0.985,gentle,middle,29.45173454284668,7,7,0.7916609742847505,0.016746232193592277,0.8184006733425555,0.016308357914950118,0.999983340962584,2.029709871923176e-06,0.8793988227844238,0.9972274377711712,0.0001777306833190553,0.9998880757 x1; 0.9996460801 x0 + -0.2970697628 x1 + -0.9987874293 x0**3
135,2026-04-28 16:50:31,duffing,Standard SINDy,0.01,Separate,STLSQ,True,0.21,0.985,gentle,middle,0.4160292148590088,4,4,0.39185884804975185,0.06334790337765005,0.3925607418474742,0.06099417959199119,0.4732312171126862,0.06447530878711587,0.9645156860351562,-6.0539562579319774,1.240075345600444,1.0096774444 x1 + -0.0099575413 1 sin(1 x1); 0.0000000000
135,2026-04-28 16:50:31,duffing,Standard PySR,0.01,Separate,STLSQ,True,0.21,0.985,gentle,middle,18.63737964630127,5,28,0.7775079405281641,0.01839596216336366,0.754907070375006,0.022971033782172887,-522475.78827795555,57624.50677805354,11.824132442474365,,,x1 + (x0 - 1*0.84761673)**9; -x0**3 + x0
36,2026-04-28 16:51:14,duffing,AutoSINDy,0.01,Separate,STLSQ,True,0.21,0.985,gentle,middle,17.852659463882446,7,7,0.796752841581595,0.016273813504123782,0.7932786944632613,0.019255532287289098,0.999979361529751,2.512156350670515e-06,0.8562474250793457,0.9941033380855995,0.0003788610957611736,1.0009397693 x1; 0.9992837712 x0 + -0.2963031937 x1 + -0.9983303118 x0**3
36,2026-04-28 16:51:14,duffing,Standard SINDy,0.01,Separate,STLSQ,True,0.21,0.985,gentle,middle,0.40797853469848633,4,4,0.39479139777885136,0.06288166625684874,0.3853354597711655,0.06378803896661021,0.47323104636637564,0.06447532761890332,0.9601397514343262,-6.0174198570624045,1.225697836351185,0.9797108756 x1 + 0.0215933560 1 sin(1 x1); 0.0000000000
36,2026-04-28 16:51:14,duffing,Standard PySR,0.01,Separate,STLSQ,True,0.21,0.985,gentle,middle,14.838416814804077,6,6,0.7825824345589771,0.01791692751065132,0.7303070997209857,0.02612972960104521,0.9505730981385031,0.006049720519438867,4.834523439407349,-8.264987196708597,0.5303488250385846,(0.00142559516173793*x0**3)*x1 + x1; -x0**3 + x0
32,2026-04-28 16:51:57,duffing,AutoSINDy,0.02,Separate,STLSQ,True,0.21,0.985,gentle,middle,17.70586633682251,7,7,0.48231284818848574,0.06746074641632668,0.5147503862740732,0.07305730062903405,0.9999868632641656,1.5979883202854473e-06,0.8977451324462891,0.9990457888713314,5.9546079570489685e-05,0.9997509028 x1; 1.0014906925 x0 + -0.2981490051 x1 + -1.0006825879 x0**3
32,2026-04-28 16:51:57,duffing,Standard SINDy,0.02,Separate,STLSQ,True,0.21,0.985,gentle,middle,0.48348188400268555,11,11,0.47055203336040974,0.06965254440878782,0.48380662213387565,0.07889096358859682,-176.77063433602513,21.758726894591966,0.8396577835083008,,,1.1902883395 x1 + -0.1938091833 1 sin(1 x1); 3.1689278050 x0^3 + -3.7244163068 x0^3 sin(1 x0)
32,2026-04-28 16:51:57,duffing,Standard PySR,0.02,Separate,STLSQ,True,0.21,0.985,gentle,middle,15.325401067733765,5,27,0.47342777837380773,0.06911678057764298,0.45270265847201413,0.08232334606416031,0.9498482238734701,0.00612966765298054,5.131445646286011,-7.99926155746676,0.6887207813817433,x1 + (x1 + 0.20157368)**9; -x0**3 + x0
33,2026-04-28 16:52:48,duffing,AutoSINDy,0.02,Separate,STLSQ,True,0.21,0.985,gentle,middle,17.502381086349487,7,7,0.4868519135809747,0.06595162637967246,0.5156519894673944,0.07469629382115586,0.9999538245105983,5.641295978504866e-06,0.9743518829345703,0.9869107534225936,0.000846044844317845,1.0005732307 x1; 0.9956426746 x0 + -0.2939711736 x1 + -0.9946253485 x0**3
33,2026-04-28 16:52:48,duffing,Standard SINDy,0.02,Separate,STLSQ,True,0.21,0.985,gentle,middle,0.4326059818267822,13,13,0.4448494071525981,0.07365292763884258,0.4699371753990519,0.08362661896779494,-127.43773290700254,15.720491107567256,1.3854446411132812,-20.79913155052618,3.4288127667782673,0.9705691004 x1 + 0.0305188720 1 sin(1 x1); -3.1816538393 x0^3 sin(1 x0) + 2.7405000025 x0^3 cos(1 x1)
33,2026-04-28 16:52:48,duffing,Standard PySR,0.02,Separate,STLSQ,True,0.21,0.985,gentle,middle,14.74027943611145,6,6,0.4779673472365915,0.06758101304759838,0.48506558769551905,0.08063498988327261,0.9412832034473577,0.007074312627736834,11.727182388305664,,,x0**18*x1**9 + x1; -x0**3 + x0
34,2026-04-28 16:53:30,duffing,AutoSINDy,0.02,Separate,STLSQ,True,0.21,0.985,gentle,middle,17.840307235717773,7,7,0.48221482376148983,0.06888640287277276,0.5460523976870021,0.06390697480921906,0.9999705333896343,3.5969282160415873e-06,0.9981527328491211,0.9928269817981236,0.0004622781387957237,0.9997901178 x1; 0.9983354448 x0 + -0.2948395961 x1 + -0.9973758836 x0**3
34,2026-04-28 16:53:30,duffing,Standard SINDy,0.02,Separate,STLSQ,True,0.21,0.985,gentle,middle,0.4659278392791748,4,4,0.23875078037116837,0.11539871032852336,0.28705583376300325,0.10935308482607525,0.4732310266813437,0.0644753297899859,1.024803638458252,-6.059692225905577,1.2423325173697235,1.0139714140 x1 + -0.0144253769 1 sin(1 x1); 0.0000000000
34,2026-04-28 16:53:30,duffing,Standard PySR,0.02,Separate,STLSQ,True,0.21,0.985,gentle,middle,15.525134086608887,4,4,0.47366723338272154,0.07051942083349788,0.5092826609962408,0.07034735988977515,0.9044433977903445,0.011137412953662315,2.832832098007202,-5.939098025952894,1.1948772622279777,-x1**9 + x1; -x0**3 + x0
35,2026-04-28 16:54:13,duffing,AutoSINDy,0.02,Separate,STLSQ,True,0.21,0.985,gentle,middle,17.833532094955444,7,7,0.49011428180537875,0.06632354995159748,0.47884475745631594,0.07932871820827296,0.9999871167553676,1.5561823317797343e-06,0.8878278732299805,0.9977918437208404,0.00013988416858815822,1.0013783309 x1; 1.0002381397 x0 + -0.2988867398 x1 + -0.9996663085 x0**3
35,2026-04-28 16:54:13,duffing,Standard SINDy,0.02,Separate,STLSQ,True,0.21,0.985,gentle,middle,0.4055600166320801,11,11,0.47829089982472045,0.06852990514210293,0.4483067000099668,0.08508997557192366,-176.28355453567735,21.69911037376657,0.7864515781402588,,,0.9588626569 x1 + 0.0432454796 1 sin(1 x1); 3.1643439465 x0^3 + -3.7192621785 x0^3 sin(1 x0)
35,2026-04-28 16:54:13,duffing,Standard PySR,0.02,Separate,STLSQ,True,0.21,0.985,gentle,middle,15.262722492218018,5,5,0.4811980688674278,0.0679875689177165,0.44572945214465237,0.08557552857820877,0.9505722926446495,0.006049809358190344,5.321712017059326,-8.420708532676533,0.5381104642822174,0.000206280575743152*x0**9 + x1; -x0**3 + x0
136,2026-04-28 18:30:38,duffing,AutoSINDy,0.02,Separate,STLSQ,True,0.21,0.985,gentle,middle,37.12097477912903,7,7,0.4849172260032652,0.06891703726251988,0.5375932809687292,0.06592678866403848,0.9999798518631908,2.4409317509915867e-06,0.7792520523071289,0.9978846832110322,0.00013430677757497983,0.9986331449 x1; 1.0005592808 x0 + -0.2962018107 x1 + -0.9998212690 x0**3
136,2026-04-28 18:30:38,duffing,Standard SINDy,0.02,Separate,STLSQ,True,0.21,0.985,gentle,middle,0.44776320457458496,1,1,0.243097364983676,0.11553697641462045,0.28717293325833676,0.11035542470866153,0.47323009800049853,0.06447543221515827,0.8714034557342529,-6.025439375734868,1.2288536125399658,0.9986331449 x1; 0.0000000000
136,2026-04-28 18:30:38,duffing,Standard PySR,0.02,Separate,STLSQ,True,0.21,0.985,gentle,middle,19.34355664253235,7,7,0.47642354581256513,0.07055462702945128,0.5000512510241535,0.07258687738244732,0.9505718312622855,0.006049860244529183,5.115714073181152,-8.247031798460684,0.5289801200570049,x1*cos(x0**2*0.04689925)**2; -x0**3 + x0
32,2026-04-28 18:31:25,duffing,AutoSINDy,0.03,Separate,STLSQ,True,0.21,0.985,gentle,middle,19.160127878189087,7,7,0.2930978736188923,0.15178447466118228,0.32480574049393796,0.1643742628228814,0.9999867550248749,1.6027555117025251e-06,0.809525728225708,0.9999012654526469,5.402617603241309e-06,0.9989832493 x1; 1.0021265535 x0 + -0.2988706844 x1 + -1.0013191186 x0**3
32,2026-04-28 18:31:25,duffing,Standard SINDy,0.03,Separate,STLSQ,True,0.21,0.985,gentle,middle,0.45326972007751465,11,11,0.2858637788701754,0.15397621645683138,0.306494551410289,0.17024606919748286,-177.00919334776836,21.78792127176658,0.8625986576080322,,,1.4631958720 x1 + -0.4721921447 1 sin(1 x1); 3.1711266387 x0^3 + -3.7269792334 x0^3 sin(1 x0)
32,2026-04-28 18:31:25,duffing,Standard PySR,0.03,Separate,STLSQ,True,0.21,0.985,gentle,middle,16.801105499267578,4,80,0.24454244437917672,0.16649369689008994,-798.8515648393585,115.8822307207415,-10.743930879232646,1.4371579426233299,5.692609071731567,-5.266221819377174,1.4980843457024804,x1 + (x1 + 0.53265446)**27; 0.962208 - x0
33,2026-04-28 18:32:23,duffing,AutoSINDy,0.03,Separate,STLSQ,True,0.21,0.985,gentle,middle,18.60387873649597,7,7,0.2964434009332734,0.14838819755634033,0.3278985783995773,0.16806249074146556,0.9999286000008525,8.730091518927834e-06,1.0868968963623047,0.9817861476080323,0.0011787802429182063,1.0002684888 x1; 0.9934738734 x0 + -0.2926045929 x1 + -0.9923454814 x0**3
33,2026-04-28 18:32:23,duffing,Standard SINDy,0.03,Separate,STLSQ,True,0.21,0.985,gentle,middle,0.45473790168762207,13,13,0.2706197487803176,0.15605275443445615,0.30002695941415325,0.1773311039006995,-127.00307669184592,15.667290168705504,1.4409139156341553,-20.72467882315695,3.43710933739252,0.9821321643 x1 + 0.0184476429 1 sin(1 x1); -3.1759921882 x0^3 sin(1 x0) + 2.7357425540 x0^3 cos(1 x1)
33,2026-04-28 18:32:23,duffing,Standard PySR,0.03,Separate,STLSQ,True,0.21,0.985,gentle,middle,19.924799919128418,5,5,0.24847232505870886,0.16262765485869962,0.27229147775371076,0.18650551079651,-10.73286718873165,1.4359642000112254,12.23102355003357,,,x0**18*x1**9 + x1; 0.9623792 - x0
34,2026-04-28 18:33:04,duffing,AutoSINDy,0.03,Separate,STLSQ,True,0.21,0.985,gentle,middle,18.726418018341064,8,8,0.29264618070363996,0.15503999101025775,0.3516585944958654,0.14416720124536953,0.9004656436599825,0.01218277114544206,0.882371187210083,-8.010666567184222,0.4487961214544206,0.9995420647 x1; 1.0015834912 x0 + -0.2895213714 x0*x1 + -1.0012507246 x0**3
34,2026-04-28 18:33:04,duffing,Standard SINDy,0.03,Separate,STLSQ,True,0.21,0.985,gentle,middle,0.46880626678466797,4,4,0.14469654171326762,0.2014735266570665,0.19544383097713408,0.1895071031857454,0.4732278767343481,0.06447567720090286,0.8923914432525635,-6.101908824608923,1.2589452521734708,1.0426412492 x1 + -0.0438426221 1 sin(1 x1); 0.0000000000
34,2026-04-28 18:33:04,duffing,Standard PySR,0.03,Separate,STLSQ,True,0.21,0.985,gentle,middle,15.620858669281006,5,29,0.24682807076087343,0.16942022472849766,0.26416984098810353,0.16628815364600066,-7031.788367629511,775.7954513349121,1.505722999572754,,,x1 - (x1**3 + x1)**9; 0.9624007 - x0
135,2026-04-28 20:28:59,duffing,AutoSINDy,0.03,Separate,STLSQ,True,0.21,0.985,gentle,middle,29.885035276412964,7,7,0.2964837705338219,0.15069311390121903,0.3395403722921857,0.14672653690111567,0.9999795080585678,2.4449472331937696e-06,0.9518585205078125,0.9998571973193138,8.455232052654539e-06,0.9974033296 x1; 0.9986518964 x0 + -0.2980998730 x1 + -0.9977420313 x0**3
135,2026-04-28 20:28:59,duffing,Standard SINDy,0.03,Separate,STLSQ,True,0.21,0.985,gentle,middle,0.49880337715148926,11,11,0.2892821354270858,0.1528929711239406,0.32011414352835216,0.1522784480935404,-175.7390515879459,21.632463559671294,0.8577501773834229,,,1.2021435663 x1 + -0.2082709825 1 sin(1 x1); 3.1595342238 x0^3 + -3.7131331520 x0^3 sin(1 x0)
135,2026-04-28 20:28:59,duffing,Standard PySR,0.03,Separate,STLSQ,True,0.21,0.985,gentle,middle,18.89348268508911,2,2,0.24894386087444725,0.165214017309537,0.26996532247134564,0.16659846802270956,-10.723559611432435,1.434937402414103,5.653028726577759,-13.043283654693713,1.794230634214291,x1*0.9974125; 0.96237755 - x0
136,2026-04-28 20:34:17,duffing,AutoSINDy,0.03,Separate,STLSQ,True,0.21,0.985,gentle,middle,30.886536359786987,8,8,0.2933565025018457,0.15552105126861215,0.31171018855584537,0.15806082947232153,0.7164305204366462,0.03470820270488964,1.12831711769104,-5.997327560052166,1.0867634713407437,0.9973077396 x1; 0.9931863506 x0 + -2.0587622491 x1**3 + -0.9944834765 x0**3
136,2026-04-28 20:34:17,duffing,Standard SINDy,0.03,Separate,STLSQ,True,0.21,0.985,gentle,middle,0.5350010395050049,1,1,0.14803548748253081,0.20166598900564217,0.19566296470541772,0.19245502671672035,0.47322663224616834,0.06447581445679329,1.07830810546875,-6.011314602395673,1.2232953458663298,0.9973077396 x1; 0.0000000000
136,2026-04-28 20:34:17,duffing,Standard PySR,0.03,Separate,STLSQ,True,0.21,0.985,gentle,middle,19.33448076248169,5,10,0.24894266962645417,0.16962466318131098,0.2802352548856793,0.1673886187333725,-11.223251047283698,1.4900077648876926,5.110000371932983,-12.942697207259474,1.7089601093152575,x1*cos((x0 - 0.70274776)**3); 0.9621117 - x0
32,2026-04-28 20:35:04,duffing,AutoSINDy,0.04,Separate,STLSQ,True,0.21,0.985,gentle,middle,18.2663152217865,8,8,0.1881943725094795,0.27031046249807644,0.1945047737620254,0.302606830729891,0.7088626704065824,0.03563451169039279,1.0924954414367676,-5.989826967291439,1.0902780252517137,0.9978732937 x1; 0.9948567261 x0 + -2.0800640893 x1**3 + -0.9960937651 x0**3
32,2026-04-28 20:35:04,duffing,Standard SINDy,0.04,Separate,STLSQ,True,0.21,0.985,gentle,middle,0.5238680839538574,11,11,0.18451336408253904,0.2720278422151948,0.20300966511233837,0.29817083500639663,-177.16975206826405,21.807559823502988,1.1700866222381592,,,1.8531437659 x1 + -0.8699934581 1 sin(1 x1); 3.1726080550 x0^3 + -3.7286827889 x0^3 sin(1 x0)
32,2026-04-28 20:35:04,duffing,Standard PySR,0.04,Separate,STLSQ,True,0.21,0.985,gentle,middle,15.992553949356079,4,26,0.15756080562074004,0.28458624506971664,0.12722362281346028,0.32191405654134414,-10.721639987957296,1.4346969822107034,6.2598557472229,-8.603320996142067,1.8179135719334134,x1 + (x1 + 0.2659568)**9; 0.962192 - x0
33,2026-04-28 20:36:04,duffing,AutoSINDy,0.04,Separate,STLSQ,True,0.21,0.985,gentle,middle,21.156609296798706,7,7,0.1913810451752786,0.26379909940062707,0.21931590020491143,0.298776889055515,0.9998926716120164,1.3126252532049098e-05,1.8004939556121826,0.9763547617432724,0.0015317886391333067,0.9996551397 x1; -0.2910999043 x1 + 0.9911503588 x0 + -0.9898939023 x0**3
33,2026-04-28 20:36:04,duffing,Standard SINDy,0.04,Separate,STLSQ,True,0.21,0.985,gentle,middle,0.6909840106964111,13,13,0.1746502428416944,0.27142404581526963,0.20096729645550365,0.3083882620819151,-126.53226539838047,15.609663921621214,2.297837018966675,-20.54551208169198,3.4613919505292814,1.0127096995 x1 + -0.0132788583 1 sin(1 x1); -3.1698395492 x0^3 sin(1 x0) + 2.7305888455 x0^3 cos(1 x1)
33,2026-04-28 20:36:04,duffing,Standard PySR,0.04,Separate,STLSQ,True,0.21,0.985,gentle,middle,19.916512966156006,6,6,0.16036968432610027,0.2779337647715075,0.18134706084323748,0.317659766131038,-10.737819994173403,1.4365167418042055,8.295960664749146,-16.259175692856978,1.322539870003466,-x0**6*x1**6 + sin(x1); 0.96241987 - x0
34,2026-04-28 20:37:05,duffing,AutoSINDy,0.04,Separate,STLSQ,True,0.21,0.985,gentle,middle,23.136205434799194,8,8,0.18889695187976435,0.27557542922059797,0.23628709004681114,0.25611267109814495,-0.847979425713707,0.22618853285345095,1.6769368648529053,-6.471196440637144,0.7345291472491676,0.9992835792 x1; 0.3837295494 1 + -0.2907465368 x0*x1 + -0.3812827163 x0**3 + -0.4317454628 x0*sin(x0**3 - x0)
34,2026-04-28 20:37:05,duffing,Standard SINDy,0.04,Separate,STLSQ,True,0.21,0.985,gentle,middle,0.8533015251159668,12,12,0.18580311422387774,0.2770784769764943,0.22219793958929274,0.2624644421081975,-3.054875856401128,0.49630752592700905,1.573350429534912,-36.62949030391551,2.1586217012824216,1.0903497411 x1 + -0.0926410674 1 sin(1 x1); 0.8798682770 x0 cos(1 x0) + -0.5519116987 x0^3 sin(1 x0)
34,2026-04-28 20:37:05,duffing,Standard PySR,0.04,Separate,STLSQ,True,0.21,0.985,gentle,middle,20.982260704040527,6,6,0.15935768482698548,0.2899264470246092,0.1331068869947255,0.2876430042084064,-11.052531936294779,1.4712347994086714,7.934061765670776,-5.8298828448933,1.1490371481252883,x1*cos(-23.4876794034653*x1**6); 0.96247256 - x0
235,2026-04-28 20:39:55,duffing,AutoSINDy,0.04,Separate,STLSQ,True,0.21,0.985,gentle,middle,30.35102653503418,10,10,0.19821412502034458,0.25255419868529105,0.21643884835897442,0.2789329052073368,0.6619417086501352,0.04137756951933481,0.9772906303405762,-5.8790329499129745,1.046522687088942,1.0001495038 x1; 1.1764292568 x0 + -2.0532902349 x1**3 + -1.1713548289 x0**3 + -0.2427019034 sin(x0**4 - x0 + x1) + -0.5259918334 sin(x0 - (x0 + x1**3)**3)
235,2026-04-28 20:39:55,duffing,Standard SINDy,0.04,Separate,STLSQ,True,0.21,0.985,gentle,middle,0.4147341251373291,12,12,0.195560966469693,0.25371610644424125,0.19613953626275765,0.28868647788617413,0.9496127544186355,0.0061656668993471785,0.9980630874633789,-6.605542194406909,0.4164534771888825,0.7565388630 x1 + 0.2478011723 1 sin(1 x1); 1.0329807449 x0 cos(1 x0) + -0.5626022299 x0^3 cos(1 x1)
235,2026-04-28 20:39:55,duffing,Standard PySR,0.04,Separate,STLSQ,True,0.21,0.985,gentle,middle,18.336636304855347,4,4,0.1655185815499023,0.266871197838227,0.1818703261814012,0.2955467140498251,-10.7252522417289,1.4351445752879737,4.800923585891724,-13.120470648031635,1.8362553369255499,x0**9*0.00032927076 + x1; 0.96251 - x0
136,2026-04-28 20:42:58,duffing,AutoSINDy,0.04,Separate,STLSQ,True,0.21,0.985,gentle,middle,32.68676424026489,8,8,0.19019216100710706,0.2756593170298206,0.2298790662330248,0.26370495917324904,0.9341158607686343,0.008063914621537636,1.3693275451660156,0.15993400149526238,0.10054148948247779,0.9956420412 x1; -0.2956151923 x1 + 0.7915555409 x0 + -0.8631493738 x0**3 + 0.1040307436 cos((0.07175507 - x0)**3)
136,2026-04-28 20:42:58,duffing,Standard SINDy,0.04,Separate,STLSQ,True,0.21,0.985,gentle,middle,0.6505777835845947,12,12,0.17004703896841622,0.28428231403335313,0.17937325740281934,0.27830789948458456,-128.1260796642602,15.803411231624118,1.6191949844360352,-1697.8427782260296,65.01749790976163,1.7694105454 x1 cos(1 x0); -3.1892580674 x0^3 sin(1 x0) + 2.7467363935 x0^3 cos(1 x1)
136,2026-04-28 20:42:58,duffing,Standard PySR,0.04,Separate,STLSQ,True,0.21,0.985,gentle,middle,22.037184715270996,5,28,0.16064430704237564,0.29020341526652405,0.18888588063176498,0.2826894233213899,-11.146902009785386,1.4815778964869835,8.175400018692017,-12.982578375673585,1.557250194495725,x1*cos((x0 - 1*0.42137963)**9); 0.96205187 - x0
32,2026-04-28 20:44:01,duffing,AutoSINDy,0.05,Separate,STLSQ,True,0.21,0.985,gentle,middle,23.949058055877686,13,13,0.12926865674748483,0.4220876156290345,0.13552949290040373,0.4671582266275812,-109.3210806436424,12.170957986667752,1.3564534187316895,-6.053379825933552,0.9830602694359983,1.4738239188 x1 + 0.1427771043 x1**3 + -0.4919940606 (1.257996 - x0)**3 + -0.5016214385 sin(x1 - (1.257996 - x0)**3); 0.9950162207 x0 + -2.0816815848 x1**3 + -0.9962488397 x0**3
32,2026-04-28 20:44:01,duffing,Standard SINDy,0.05,Separate,STLSQ,True,0.21,0.985,gentle,middle,0.7557435035705566,14,14,0.12710441548793694,0.4235439495839969,0.13092786974442056,0.4708174564957962,-172.60399097716922,21.24873995148422,5.320150852203369,,,0.9964232232 x1; 3.1356948658 x0^3 + -3.7048625924 x0^3 sin(1 x0) + 0.4458887348 x0^2 x1 sin(1 x1)
32,2026-04-28 20:44:01,duffing,Standard PySR,0.05,Separate,STLSQ,True,0.21,0.985,gentle,middle,19.14173936843872,5,26,0.10808078137179133,0.4363987779427898,0.09924773411489396,0.48311040556747287,-10.721534187224336,1.434684529101966,7.749586820602417,-8.783311177557017,1.8285113711323335,x1 - (-x1 - 0.24825181)**9; 0.96218693 - x0
133,2026-04-28 20:52:18,duffing,AutoSINDy,0.05,Separate,STLSQ,True,0.21,0.985,gentle,middle,40.46904516220093,7,7,0.13341721742065643,0.4062431147632906,0.16194110664733508,0.4353182681594209,0.9999868259504182,1.595167366418261e-06,1.5919668674468994,0.9998938189034599,5.877259336278749e-06,0.9990506565 x1; 1.0003582854 x0 + -0.2996075034 x1 + -1.0002719565 x0**3
133,2026-04-28 20:52:18,duffing,Standard SINDy,0.05,Separate,STLSQ,True,0.21,0.985,gentle,middle,0.7441830635070801,19,19,0.130822546320904,0.4079059783509414,0.13789412537018747,0.4530509348782784,-367.709328747217,45.129196843460676,2.529552936553955,-207.11474792848327,9.04957738123898,0.9990506565 x1; 5.0151446446 x0^3 + -5.3570391768 x0^3 sin(1 x0) + -0.9367997239 x0^3 cos(1 x0) + 0.9111823858 x0 x1^2 cos(1 x0)
133,2026-04-28 20:52:18,duffing,Standard PySR,0.05,Separate,STLSQ,True,0.21,0.985,gentle,middle,24.584020853042603,4,4,0.11041306892418506,0.4209887085050538,0.128652630247227,0.45491082390279486,-19.32726681917395,2.3836802776950847,3.0066800117492676,,,-13.6604717991614*x1**9 + x1; 0.96128535 - x0
34,2026-04-28 20:53:12,duffing,AutoSINDy,0.05,Separate,STLSQ,True,0.21,0.985,gentle,middle,22.511348724365234,8,8,0.12918574703280927,0.43099781464976367,0.15399100545001765,0.4083632930160981,0.7391568240503572,0.03192660322893888,1.4358479976654053,-6.016320830749223,1.0743751970885325,0.9990149635 x1; 0.9886524610 x0 + -0.9893092808 x0**3 + -1.9923904439 x1**3
34,2026-04-28 20:53:12,duffing,Standard SINDy,0.05,Separate,STLSQ,True,0.21,0.985,gentle,middle,0.6891801357269287,12,12,0.1276863642979147,0.43205786951455094,0.1572773277537659,0.40620937379257405,-3.0504942969125217,0.49577082149169005,1.699202060699463,-35.43936213031617,2.112941171743823,1.1571108932 x1 + -0.1608381531 1 sin(1 x1); 0.8793571586 x0 cos(1 x0) + -0.5514926265 x0^3 sin(1 x0)
34,2026-04-28 20:53:12,duffing,Standard PySR,0.05,Separate,STLSQ,True,0.21,0.985,gentle,middle,19.844123601913452,4,4,0.10955805732964041,0.44487381518335833,0.13652783309033378,0.4194440615464633,-11.98474405873581,1.5740522712164104,3.367175579071045,,,-5.22325694664011*x1**9 + x1; 0.96249086 - x0
35,2026-04-28 20:54:13,duffing,AutoSINDy,0.05,Separate,STLSQ,True,0.21,0.985,gentle,middle,21.94050359725952,12,12,0.13368745343041072,0.4145235579254629,0.1275203256321481,0.49603593116728995,0.2858773779148013,0.08740699989991865,0.9766018390655518,0.2275101419754536,0.06852799855850963,1.0006710838 x1; 0.2327860398 1 + -0.4854899057 x0**3 + -0.3004905478 x0*x1 + 0.4700628484 x0*cos(x0**2)
35,2026-04-28 20:54:13,duffing,Standard SINDy,0.05,Separate,STLSQ,True,0.21,0.985,gentle,middle,0.4710352420806885,44,44,0.13276953780769435,0.41514806510849167,0.12307580770402132,0.4980998791085136,-210.31367347355507,25.86284729310007,1.0546095371246338,-0.5108028562164433,0.164696693944477,-123.7970927661 x1 + 185.1402752659 1 sin(1 x1) + -60.3449375602 x1 cos(1 x1) + 0.8551417365 x0 x1^2 sin(1 x1); 3.4608627166 x0^3 + -0.1000419756 x0^2 cos(1 x0) + -4.0165807889 x0^3 sin(1 x0) + -0.5916393233 x0^2 x1 cos(1 x0) + -0.1466232757 x0^2 x1 sin(1 x1) + 0.2209036958 x0 x1^2 cos(1 x0)
35,2026-04-28 20:54:13,duffing,Standard PySR,0.05,Separate,STLSQ,True,0.21,0.985,gentle,middle,18.077606916427612,5,5,0.11190920940613908,0.4292702910029781,0.10532767192572234,0.5125994655403188,-10.720973461342325,1.4345084343906895,15.038738489151001,,,x0**18*x1**9 + x1; 0.96144813 - x0
36,2026-04-28 20:54:58,duffing,AutoSINDy,0.05,Separate,STLSQ,True,0.21,0.985,gentle,middle,17.40960955619812,7,7,0.13616118199860167,0.4067741245386927,0.13516772020578532,0.4811522780394899,0.9999664398117185,4.074537502979495e-06,0.9910435676574707,0.9895721459224742,0.000673169937512888,1.0019274885 x1; 0.9983305627 x0 + -0.2953353333 x1 + -0.9967456557 x0**3
36,2026-04-28 20:54:58,duffing,Standard SINDy,0.05,Separate,STLSQ,True,0.21,0.985,gentle,middle,0.414945125579834,11,11,0.13294089093022166,0.4089276495027203,0.12787680279487273,0.4866683788499946,-175.80505918323817,21.640533595532496,1.032754898071289,,,1.5833267404 x1 + -0.5914524073 1 sin(1 x1); 3.1604415920 x0^3 + -3.7135030063 x0^3 sin(1 x0)
36,2026-04-28 20:54:58,duffing,Standard PySR,0.05,Separate,STLSQ,True,0.21,0.985,gentle,middle,14.608238697052002,4,4,0.1143135003083472,0.4213818380658058,0.09458051482385738,0.5071344503899065,-23.410462916036202,2.834198671651545,7.281752824783325,-14.379733432946619,3.0611811271236307,16.573019749152*x1**9 + x1; 0.96243936 - x0
